Mapped,Raw
0,"[0, '0.0', '0']"
1,"[1, '1.0', 'Reserved for Future use', '1']"
2,"[2, '2.0', '2']"
3,"[3, '3.0', '3']"
4,"[4, '4.0', '4']"
5,"[5, '5.0', '5']"
6,"[6, '6.0', '6']"
7,"[7, '7.0', '7']"
8,"[8, '8.0', '8']"
9,"[9, '9.0', '9']"
10,"[10, '10.0', '[10] Reserved for future use', '10']"
11,"[11, '11.0', '[11] Reserved for future use Carrying DG, HS, or MP, IMO hazard or pollutant category X', '11']"
12,"[12, '12.0', '[12] Reserved for future use Carrying DG, HS, or MP, IMO hazard or pollutant category Y', '12']"
13,"[13, '13.0', '13']"
14,"[14, '14.0', '[14] Reserved for future use Carrying DG, HS, or MP, IMO hazard or pollutant category OS', '14']"
15,"[15, '15.0', '[15] Reserved for future use Reserved for future use', '15']"
16,"[16, '16.0', '16']"
17,"[17, '17.0', '17', '17']"
18,"[18, '18.0', '18']"
19,"[19, '19.0', '19']"
20,"[20, '20.0', '[20] Wing-in-Ground craft (WIG)', '20', '20']"
21,"[21, '21.0', '21']"
22,"[22, '22.0', '22']"
23,"[23, '23.0', '23']"
24,"[24, '24.0', '24']"
25,"[25, '25.0', '25']"
26,"[26, '26.0', '26']"
27,"[27, '27.0', '27']"
28,"[28, '28.0', '28']"
29,"[29, '29.0', '[29] Wing-in-Ground craft (WIG) No additional information', '29']"
30,"[30, '30.0', '[30] Vessel Fishing', '30', '30']"
31,"[31, '31.0', '[31] Vessel Towing', '31', '31']"
32,"[32, '32.0', '[32] Vessel Towing and length of tow exceeds 200m or breadth exceeds 25m', '32', '32']"
33,"[33, '33.0', '[33] Vessel Engaged in dredging or underwater operations', '33', '33']"
34,"[34, '34.0', '[34] Vessel Engaged in diving operations', '34', '34']"
35,"[35, '35.0', '[35] Vessel Engaged in military operations', '35', '35']"
36,"[36, '36.0', '[36] Vessel Sailing', '36', '36']"
37,"[37, '37.0', '[37] Vessel Pleasure craft', '37', '37']"
38,"[38, '38.0', '[38] Vessel Reserved for future use', '38', '38']"
39,"[39, '39.0', '[39] Vessel Reserved for future use', '39', '39']"
40,"[40, '40.0', '[40] High-speed craft (HSC)', '40', '40']"
41,"[41, '41.0', '[41] High-speed craft (HSC) Carrying DG, HS, or MP, IMO hazard or pollutant category X', '41']"
42,"[42, '42.0', '42']"
43,"[43, '43.0', '43']"
44,"[44, '44.0', '44']"
45,"[45, '45.0', '45']"
46,"[46, '46.0', '46']"
47,"[47, '47.0', '47', '47']"
48,"[48, '48.0', '[48] High-speed craft (HSC) Reserved for future use', '48']"
49,"[49, '49.0', '[49] High-speed craft (HSC) No additional information', '49']"
50,"[50, '50.0', '[50] Pilot vessel', '50', '50']"
51,"[51, '51.0', '[51] Search and rescue vessel', '51', '51']"
52,"[52, '52.0', '[52] Tug', '52', '52']"
53,"[53, '53.0', '[53] Port tender', '53', '53']"
54,"[54, '54.0', '[54] Vessel with anti-pollution facilities or equipment', '54', '54']"
55,"[55, '55.0', '[55] Law enforcement vessel', '55', '55']"
56,"[56, '56.0', '56']"
57,"[57, '57.0', '57', '57']"
58,"[58, '58.0', '[58] Medical transport', '58']"
59,"[59, '59.0', '[59] Ships and aircraft of States not parties to an armed conflict', '59']"
60,"[60, '60.0', '[60] Passenger ship', '60', '60']"
61,"[61, '61.0', '[61] Passenger ship Carrying DG, HS, or MP, IMO hazard or pollutant category X', '61']"
62,"[62, '62.0', '62']"
63,"[63, '63.0', '[63] Passenger ship Carrying DG, HS, or MP, IMO hazard or pollutant category Z', '63']"
64,"[64, '64.0', '[64] Passenger ship Carrying DG, HS, or MP, IMO hazard or pollutant category OS', '64']"
65,"[65, '65.0', '65']"
66,"[66, '66.0', '[66] Passenger ship Reserved for future use', '66']"
67,"[67, '67.0', '[67] Passenger ship Reserved for future use', '67', '67']"
68,"[68, '68.0', '[68] Passenger ship Reserved for future use', '68', '68']"
69,"[69, '69.0', '[69] Passenger ship No additional information', '69', '69']"
70,"[70, '70.0', '[70] Cargo ship', 'B (JAP P', 'MOUNT CARMEL        ', '70', '70']"
71,"[71, '71.0', '[71] Cargo ship Carrying DG, HS, or MP, IMO hazard or pollutant category X', '71', '71']"
72,"[72, '72.0', '[72] Cargo ship Carrying DG, HS, or MP, IMO hazard or pollutant category Y', '72', '72']"
73,"[73, '73.0', '[73] Cargo ship Carrying DG, HS, or MP, IMO hazard or pollutant category Z', '73', '73']"
74,"[74, '74.0', '[74] Cargo ship Carrying DG, HS, or MP, IMO hazard or pollutant category OS', '74', '74']"
75,"[75, '75.0', '[75] Cargo ship Reserved for future use', '75', '75']"
76,"[76, '76.0', '[76] Cargo ship Reserved for future use', '76']"
77,"[77, '77.0', '[77] Cargo ship Reserved for future use', '77', '77']"
78,"[78, '78.0', '78', '78']"
79,"[79, '79.0', '[79] Cargo ship No additional information', '79', '79']"
80,"[80, '80.0', '[80] Tanker', '80', 'Tanker', '80']"
81,"[81, '81.0', '[81] Tanker Carrying DG, HS, or MP, IMO hazard or pollutant category X', '81', '81']"
82,"[82, '82.0', '[82] Tanker Carrying DG, HS, or MP, IMO hazard or pollutant category Y', '82', '82']"
83,"[83, '83.0', '[83] Tanker Carrying DG, HS, or MP, IMO hazard or pollutant category Z', '83', '83']"
84,"[84, '84.0', '[84] Tanker Carrying DG, HS, or MP, IMO hazard or pollutant category OS', '84', '84']"
85,"[85, '85.0', '[85] Tanker Reserved for future use', '85']"
86,"[86, '86.0', '86']"
87,"[87, '87.0', '[87] Tanker Reserved for future use', '87']"
88,"[88, '88.0', '[88] Tanker Reserved for future use', '88']"
89,"[89, '89.0', '[89] Tanker No additional information', '89', '89']"
90,"[90, '90.0', '[90] Ship', '90', '90']"
91,"[91, '91.0', '[91] Ship Carrying DG, HS, or MP, IMO hazard or pollutant category X', '91', '91']"
92,"[92, '92.0', '[92] Ship Carrying DG, HS, or MP, IMO hazard or pollutant category Y', '92', '92']"
93,"[93, '93.0', '[93] Ship Carrying DG, HS, or MP, IMO hazard or pollutant category Z', '93']"
94,"[94, '94.0', '[94] Ship Carrying DG, HS, or MP, IMO hazard or pollutant category OS', '94']"
95,"[95, '95.0', '[95] Ship Reserved for future use', '95', '95']"
96,"[96, '96.0', '[96] Ship Reserved for future use', '96']"
97,"[97, '97.0', '[97] Ship Reserved for future use', '97', '97']"
98,"[98, '98.0', '[98] Ship Reserved for future use', '98']"
99,"[99, '99.0', '[99] Ship No additional information', '99', '99']"
100,"[100, '100.0', '100']"
101,"[101, '101.0', '101']"
102,"[102, '102.0', '102']"
103,"[103, '103.0', '103']"
104,"[104, '104.0', '104']"
105,"[105, '105.0', '105']"
106,"[106, '106.0', '106']"
107,"[107, '107.0', '107']"
108,"[108, '108.0', '108']"
109,"[109, '109.0', '109']"
110,"[110, '110.0', '110']"
111,"[111, '111.0', '111']"
112,"[112, '112.0', '112']"
113,"[113, '113.0', '113']"
114,"[114, '114.0', '114']"
115,"[115, '115.0', '115']"
116,"[116, '116.0', '116']"
117,"[117, '117.0', '117']"
118,"[118, '118.0', '118']"
119,"[119, '119.0', '119']"
120,"[120, '120.0', '120']"
121,"[121, '121.0', '121']"
122,"[122, '122.0', '122']"
123,"[123, '123.0', '123']"
124,"[124, '124.0', '124']"
125,"[125, '125.0', '125']"
126,"[126, '126.0', '126']"
127,"[127, '127.0', '127']"
128,"[128, '128.0', '128', '128']"
129,"[129, '129.0', '129']"
130,"[130, '130.0', '130']"
131,"[131, '131.0', '131']"
132,"[132, '132.0', '132']"
133,"[133, '133.0', '133']"
134,"[134, '134.0', '134']"
135,"[135, '135.0', '135']"
136,"[136, '136.0', '136']"
137,"[137, '137.0', '137']"
138,"[138, '138.0', '138']"
139,"[139, '139.0', '139']"
140,"[140, '140.0', '140']"
141,"[141, '141.0', '141']"
142,"[142, '142.0', '142']"
143,"[143, '143.0', '143']"
144,"[144, '144.0', '144']"
145,"[145, '145.0', '145']"
146,"[146, '146.0', '146']"
147,"[147, '147.0', '147']"
148,"[148, '148.0', '148']"
149,"[149, '149.0', '149']"
150,"[150, '150.0', '150']"
151,"[151, '151.0', '151']"
152,"[152, '152.0', '152']"
153,"[153, '153.0', '153']"
154,"[154, '154.0', '154']"
155,"[155, '155.0', '155']"
156,"[156, '156.0', '156']"
157,"[157, '157.0', '157']"
158,"[158, '158.0', '158']"
159,"[159, '159.0', '159']"
160,"[160, '160.0', '160']"
161,"[161, '161.0', '161']"
162,"[162, '162.0', '162']"
163,"[163, '163.0', '163']"
164,"[164, '164.0', '164']"
165,"[165, '165.0', '165']"
166,"[166, '166.0', '166']"
167,"[167, '167.0', '167']"
168,"[168, '168.0', '168']"
169,"[169, '169.0', '169']"
170,"[170, '170.0', '170']"
171,"[171, '171.0', '171']"
172,"[172, '172.0', '172']"
173,"[173, '173.0', '173']"
174,"[174, '174.0', '174']"
175,"[175, '175.0', '175']"
176,"[176, '176.0', '176']"
177,"[177, '177.0', '177']"
178,"[178, '178.0', '178']"
179,"[179, '179.0', '179']"
180,"[180, '180.0', '180']"
181,"[181, '181.0', '181']"
182,"[182, '182.0', '182']"
183,"[183, '183.0', '183']"
184,"[184, '184.0', '184']"
185,"[185, '185.0', '185']"
186,"[186, '186.0', '186']"
187,"[187, '187.0', '187']"
188,"[188, '188.0', '188']"
189,"[189, '189.0', '189']"
190,"[190, '190.0', '190']"
191,"[191, '191.0', '191']"
192,"[192, '192.0', '192']"
193,"[193, '193.0', '193']"
194,"[194, '194.0', '194']"
195,"[195, '195.0', '195']"
196,"[196, '196.0', '196']"
197,"[197, '197.0', '197']"
198,"[198, '198.0', '198']"
199,"[199, '199.0', '199']"
200,"[200, '200.0', '200']"
201,"[201, '201.0', '201']"
202,"[202, '202.0', '202']"
203,"[203, '203.0', '203']"
204,"[204, '204.0', '204']"
205,"[205, '205.0', '205']"
206,"[206, '206.0', '206']"
207,"[207, '207.0', '207']"
208,"[208, '208.0', '208']"
209,"[209, '209.0', '209']"
210,"[210, '210.0', '210']"
211,"[211, '211.0', '211']"
212,"[212, '212.0', '212']"
213,"[213, '213.0', '213']"
214,"[214, '214.0', '214']"
215,"[215, '215.0', '215']"
216,"[216, '216.0', '216']"
217,"[217, '217.0', '217']"
218,"[218, '218.0', '218']"
219,"[219, '219.0', '219']"
220,"[220, '220.0', '220']"
221,"[221, '221.0', '221']"
222,"[222, '222.0', '222']"
223,"[223, '223.0', '223']"
224,"[224, '224.0', '224']"
225,"[225, '225.0', '225']"
226,"[226, '226.0', '226']"
227,"[227, '227.0', '227']"
228,"[228, '228.0', '228']"
229,"[229, '229.0', '229']"
230,"[230, '230.0', '230']"
231,"[231, '231.0', '231']"
232,"[232, '232.0', '232']"
233,"[233, '233.0', '233']"
234,"[234, '234.0', '234']"
235,"[235, '235.0', '235']"
236,"[236, '236.0', '236']"
237,"[237, '237.0', '237']"
238,"[238, '238.0', '238']"
239,"[239, '239.0', '239']"
240,"[240, '240.0', '240']"
241,"[241, '241.0', '241']"
242,"[242, '242.0', '242']"
243,"[243, '243.0', '243']"
244,"[244, '244.0', '244']"
245,"[245, '245.0', '245']"
246,"[246, '246.0', '246']"
247,"[247, '247.0', '247']"
248,"[248, '248.0', '248']"
249,"[249, '249.0', '249']"
250,"[250, '250.0', '250']"
251,"[251, '251.0', '251']"
252,"[252, '252.0', '252']"
253,"[253, '253.0', '253']"
254,"[254, '254.0', '254']"
255,"[255, '255.0', '255']"
256,"[256, '256.0', '256']"
257,"[257, '257.0', '257']"
258,"[258, '258.0', '258']"
259,"[259, '259.0', '259']"
260,"[260, '260.0', '260']"
261,"[261, '261.0', '261']"
262,"[262, '262.0', '262']"
263,"[263, '263.0', '263']"
264,"[264, '264.0', '264']"
265,"[265, '265.0', '265']"
266,"[266, '266.0', '266']"
267,"[267, '267.0', '267']"
268,"[268, '268.0', '268']"
269,"[269, '269.0', '269']"
270,"[270, '270.0', '270']"
271,"[271, '271.0', '271']"
272,"[272, '272.0', '272']"
273,"[273, '273.0', '273']"
274,"[274, '274.0', '274']"
275,"[275, '275.0', '275']"
276,"[276, '276.0', '276']"
277,"[277, '277.0', '277']"
278,"[278, '278.0', '278']"
279,"[279, '279.0', '279']"
280,"[280, '280.0', '280']"
281,"[281, '281.0', '281']"
282,"[282, '282.0', '282']"
283,"[283, '283.0', '283']"
284,"[284, '284.0', '284']"
285,"[285, '285.0', '285']"
286,"[286, '286.0', '286']"
287,"[287, '287.0', '287']"
288,"[288, '288.0', '288']"
289,"[289, '289.0', '289']"
290,"[290, '290.0', '290']"
291,"[291, '291.0', '291']"
292,"[292, '292.0', '292']"
293,"[293, '293.0', '293']"
294,"[294, '294.0', '294']"
295,"[295, '295.0', '295']"
296,"[296, '296.0', '296']"
297,"[297, '297.0', '297']"
298,"[298, '298.0', '298']"
299,"[299, '299.0', '299']"
300,"[300, '300.0', '300']"
301,"[301, '301.0', '301']"
302,"[302, '302.0', '302']"
303,"[303, '303.0', '303']"
304,"[304, '304.0', '304']"
305,"[305, '305.0', '305']"
306,"[306, '306.0', '306']"
307,"[307, '307.0', '307']"
308,"[308, '308.0', '308']"
309,"[309, '309.0', '309']"
310,"[310, '310.0', '310']"
311,"[311, '311.0', '311']"
312,"[312, '312.0', '312']"
313,"[313, '313.0', '313']"
314,"[314, '314.0', '314']"
315,"[315, '315.0', '315']"
316,"[316, '316.0', '316']"
317,"[317, '317.0', '317']"
318,"[318, '318.0', '318']"
319,"[319, '319.0', '319']"
320,"[320, '320.0', '320']"
321,"[321, '321.0', '321']"
322,"[322, '322.0', '322']"
323,"[323, '323.0', '323']"
324,"[324, '324.0', '324']"
325,"[325, '325.0', '325']"
326,"[326, '326.0', '326']"
327,"[327, '327.0', '327']"
328,"[328, '328.0', '328']"
329,"[329, '329.0', '329']"
330,"[330, '330.0', '330']"
331,"[331, '331.0', '331']"
332,"[332, '332.0', '332']"
333,"[333, '333.0', '333']"
334,"[334, '334.0', '334']"
335,"[335, '335.0', '335']"
336,"[336, '336.0', '336']"
337,"[337, '337.0', '337']"
338,"[338, '338.0', '338']"
339,"[339, '339.0', '339']"
340,"[340, '340.0', '340']"
341,"[341, '341.0', '341']"
342,"[342, '342.0', '342']"
343,"[343, '343.0', '343']"
344,"[344, '344.0', '344']"
345,"[345, '345.0', '345']"
346,"[346, '346.0', '346']"
347,"[347, '347.0', '347']"
348,"[348, '348.0', '348']"
349,"[349, '349.0', '349']"
350,"[350, '350.0', '350']"
351,"[351, '351.0', '351']"
352,"[352, '352.0', '352']"
353,"[353, '353.0', '353']"
354,"[354, '354.0', '354']"
355,"[355, '355.0', '355']"
356,"[356, '356.0', '356']"
357,"[357, '357.0', '357']"
358,"[358, '358.0', '358']"
359,"[359, '359.0', '359']"
360,"[360, '360.0', '360']"
361,"[361, '361.0', '361']"
362,"[362, '362.0', '362']"
363,"[363, '363.0', '363']"
364,"[364, '364.0', '364']"
365,"[365, '365.0', '365']"
366,"[366, '366.0', '366']"
367,"[367, '367.0', '367']"
368,"[368, '368.0', '368']"
369,"[369, '369.0', '369']"
370,"[370, '370.0', '370']"
371,"[371, '371.0', '371']"
372,"[372, '372.0', '372']"
373,"[373, '373.0', '373']"
374,"[374, '374.0', '374']"
375,"[375, '375.0', '375']"
376,"[376, '376.0', '376']"
377,"[377, '377.0', '377']"
378,"[378, '378.0', '378']"
379,"[379, '379.0', '379']"
380,"[380, '380.0', '380']"
381,"[381, '381.0', '381']"
382,"[382, '382.0', '382']"
383,"[383, '383.0', '383']"
384,"[384, '384.0', '384']"
385,"[385, '385.0', '385']"
386,"[386, '386.0', '386']"
387,"[387, '387.0', '387']"
388,"[388, '388.0', '388']"
389,"[389, '389.0', '389']"
390,"[390, '390.0', '390']"
391,"[391, '391.0', '391']"
392,"[392, '392.0', '392']"
393,"[393, '393.0', '393']"
394,"[394, '394.0', '394']"
395,"[395, '395.0', '395']"
396,"[396, '396.0', '396']"
397,"[397, '397.0', '397']"
398,"[398, '398.0', '398']"
399,"[399, '399.0', '399']"
400,"[400, '400.0', '400']"
401,"[401, '401.0', '401']"
402,"[402, '402.0', '402']"
403,"[403, '403.0', '403']"
404,"[404, '404.0', '404']"
405,"[405, '405.0', '405']"
406,"[406, '406.0', '406']"
407,"[407, '407.0', '407']"
408,"[408, '408.0', '408']"
409,"[409, '409.0', '409']"
410,"[410, '410.0', '410']"
411,"[411, '411.0', '411']"
412,"[412, '412.0', '412']"
413,"[413, '413.0', '413']"
414,"[414, '414.0', '414']"
415,"[415, '415.0', '415']"
416,"[416, '416.0', '416']"
417,"[417, '417.0', '417']"
418,"[418, '418.0', '418']"
419,"[419, '419.0', '419']"
420,"[420, '420.0', '420']"
421,"[421, '421.0', '421']"
422,"[422, '422.0', '422']"
423,"[423, '423.0', '423']"
424,"[424, '424.0', '424']"
425,"[425, '425.0', '425']"
426,"[426, '426.0', '426']"
427,"[427, '427.0', '427']"
428,"[428, '428.0', '428']"
429,"[429, '429.0', '429']"
430,"[430, '430.0', '430']"
431,"[431, '431.0', '431']"
432,"[432, '432.0', '432']"
433,"[433, '433.0', '433']"
434,"[434, '434.0', '434']"
435,"[435, '435.0', '435']"
436,"[436, '436.0', '436']"
437,"[437, '437.0', '437']"
438,"[438, '438.0', '438']"
439,"[439, '439.0', '439']"
440,"[440, '440.0', '440']"
441,"[441, '441.0', '441']"
442,"[442, '442.0', '442']"
443,"[443, '443.0', '443']"
444,"[444, '444.0', '444']"
445,"[445, '445.0', '445']"
446,"[446, '446.0', '446']"
447,"[447, '447.0', '447']"
448,"[448, '448.0', '448']"
449,"[449, '449.0', '449']"
450,"[450, '450.0', '450']"
451,"[451, '451.0', '451']"
452,"[452, '452.0', '452']"
453,"[453, '453.0', '453']"
454,"[454, '454.0', '454']"
455,"[455, '455.0', '455']"
456,"[456, '456.0', '456']"
457,"[457, '457.0', '457']"
458,"[458, '458.0', '458']"
459,"[459, '459.0', '459']"
460,"[460, '460.0', '460']"
461,"[461, '461.0', '461']"
462,"[462, '462.0', '462']"
463,"[463, '463.0', '463']"
464,"[464, '464.0', '464']"
465,"[465, '465.0', '465']"
466,"[466, '466.0', '466']"
467,"[467, '467.0', '467']"
468,"[468, '468.0', '468']"
469,"[469, '469.0', '469']"
470,"[470, '470.0', '470']"
471,"[471, '471.0', '471']"
472,"[472, '472.0', '472']"
473,"[473, '473.0', '473']"
474,"[474, '474.0', '474']"
475,"[475, '475.0', '475']"
476,"[476, '476.0', '476']"
477,"[477, '477.0', '477']"
478,"[478, '478.0', '478']"
479,"[479, '479.0', '479']"
480,"[480, '480.0', '480']"
481,"[481, '481.0', '481']"
482,"[482, '482.0', '482']"
483,"[483, '483.0', '483']"
484,"[484, '484.0', '484']"
485,"[485, '485.0', '485']"
486,"[486, '486.0', '486']"
487,"[487, '487.0', '487']"
488,"[488, '488.0', '488']"
489,"[489, '489.0', '489']"
490,"[490, '490.0', '490']"
491,"[491, '491.0', '491']"
492,"[492, '492.0', '492']"
493,"[493, '493.0', '493']"
494,"[494, '494.0', '494']"
495,"[495, '495.0', '495']"
496,"[496, '496.0', '496']"
497,"[497, '497.0', '497']"
498,"[498, '498.0', '498']"
499,"[499, '499.0', '499']"
500,"[500, '500.0', '500']"
501,"[501, '501.0', '501']"
502,"[502, '502.0', '502']"
503,"[503, '503.0', '503']"
504,"[504, '504.0', '504']"
505,"[505, '505.0', '505']"
506,"[506, '506.0', '506']"
507,"[507, '507.0', '507']"
508,"[508, '508.0', '508']"
509,"[509, '509.0', '509']"
510,"[510, '510.0', '510']"
511,"[511, '511.0', '511']"
512,"[512, '512.0', '512']"
513,"[513, '513.0', '513']"
514,"[514, '514.0', '514']"
515,"[515, '515.0', '515']"
516,"[516, '516.0', '516']"
517,"[517, '517.0', '517']"
518,"[518, '518.0', '518']"
519,"[519, '519.0', '519']"
520,"[520, '520.0', '520']"
521,"[521, '521.0', '521']"
522,"[522, '522.0', '522']"
523,"[523, '523.0', '523']"
524,"[524, '524.0', '524']"
525,"[525, '525.0', '525']"
526,"[526, '526.0', '526']"
527,"[527, '527.0', '527']"
528,"[528, '528.0', '528']"
529,"[529, '529.0', '529']"
530,"[530, '530.0', '530']"
531,"[531, '531.0', '531']"
532,"[532, '532.0', '532']"
533,"[533, '533.0', '533']"
534,"[534, '534.0', '534']"
535,"[535, '535.0', '535']"
536,"[536, '536.0', '536']"
537,"[537, '537.0', '537']"
538,"[538, '538.0', '538']"
539,"[539, '539.0', '539']"
540,"[540, '540.0', '540']"
541,"[541, '541.0', '541']"
542,"[542, '542.0', '542']"
543,"[543, '543.0', '543']"
544,"[544, '544.0', '544']"
545,"[545, '545.0', '545']"
546,"[546, '546.0', '546']"
547,"[547, '547.0', '547']"
548,"[548, '548.0', '548']"
549,"[549, '549.0', '549']"
550,"[550, '550.0', '550']"
551,"[551, '551.0', '551']"
552,"[552, '552.0', '552']"
553,"[553, '553.0', '553']"
554,"[554, '554.0', '554']"
555,"[555, '555.0', '555']"
556,"[556, '556.0', '556']"
557,"[557, '557.0', '557']"
558,"[558, '558.0', '558']"
559,"[559, '559.0', '559']"
560,"[560, '560.0', '560']"
561,"[561, '561.0', '561']"
562,"[562, '562.0', '562']"
563,"[563, '563.0', '563']"
564,"[564, '564.0', '564']"
565,"[565, '565.0', '565']"
566,"[566, '566.0', '566']"
567,"[567, '567.0', '567']"
568,"[568, '568.0', '568']"
569,"[569, '569.0', '569']"
570,"[570, '570.0', '570']"
571,"[571, '571.0', '571']"
572,"[572, '572.0', '572']"
573,"[573, '573.0', '573']"
574,"[574, '574.0', '574']"
575,"[575, '575.0', '575']"
576,"[576, '576.0', '576']"
577,"[577, '577.0', '577']"
578,"[578, '578.0', '578']"
579,"[579, '579.0', '579']"
580,"[580, '580.0', '580']"
581,"[581, '581.0', '581']"
582,"[582, '582.0', '582']"
583,"[583, '583.0', '583']"
584,"[584, '584.0', '584']"
585,"[585, '585.0', '585']"
586,"[586, '586.0', '586']"
587,"[587, '587.0', '587']"
588,"[588, '588.0', '588']"
589,"[589, '589.0', '589']"
590,"[590, '590.0', '590']"
591,"[591, '591.0', '591']"
592,"[592, '592.0', '592']"
593,"[593, '593.0', '593']"
594,"[594, '594.0', '594']"
595,"[595, '595.0', '595']"
596,"[596, '596.0', '596']"
597,"[597, '597.0', '597']"
598,"[598, '598.0', '598']"
599,"[599, '599.0', '599']"
600,"[600, '600.0', '600']"
601,"[601, '601.0', '601']"
602,"[602, '602.0', '602']"
603,"[603, '603.0', '603']"
604,"[604, '604.0', '604']"
605,"[605, '605.0', '605']"
606,"[606, '606.0', '606']"
607,"[607, '607.0', '607']"
608,"[608, '608.0', '608']"
609,"[609, '609.0', '609']"
610,"[610, '610.0', '610']"
611,"[611, '611.0', '611']"
612,"[612, '612.0', '612']"
613,"[613, '613.0', '613']"
614,"[614, '614.0', '614']"
615,"[615, '615.0', '615']"
616,"[616, '616.0', '616']"
617,"[617, '617.0', '617']"
618,"[618, '618.0', '618']"
619,"[619, '619.0', '619']"
620,"[620, '620.0', '620']"
621,"[621, '621.0', '621']"
622,"[622, '622.0', '622']"
623,"[623, '623.0', '623']"
624,"[624, '624.0', '624']"
625,"[625, '625.0', '625']"
626,"[626, '626.0', '626']"
627,"[627, '627.0', '627']"
628,"[628, '628.0', '628']"
629,"[629, '629.0', '629']"
630,"[630, '630.0', '630']"
631,"[631, '631.0', '631']"
632,"[632, '632.0', '632']"
633,"[633, '633.0', '633']"
634,"[634, '634.0', '634']"
635,"[635, '635.0', '635']"
636,"[636, '636.0', '636']"
637,"[637, '637.0', '637']"
638,"[638, '638.0', '638']"
639,"[639, '639.0', '639']"
640,"[640, '640.0', '640']"
641,"[641, '641.0', '641']"
642,"[642, '642.0', '642']"
643,"[643, '643.0', '643']"
644,"[644, '644.0', '644']"
645,"[645, '645.0', '645']"
646,"[646, '646.0', '646']"
647,"[647, '647.0', '647']"
648,"[648, '648.0', '648']"
649,"[649, '649.0', '649']"
650,"[650, '650.0', '650']"
651,"[651, '651.0', '651']"
652,"[652, '652.0', '652']"
653,"[653, '653.0', '653']"
654,"[654, '654.0', '654']"
655,"[655, '655.0', '655']"
656,"[656, '656.0', '656']"
657,"[657, '657.0', '657']"
658,"[658, '658.0', '658']"
659,"[659, '659.0', '659']"
660,"[660, '660.0', '660']"
661,"[661, '661.0', '661']"
662,"[662, '662.0', '662']"
663,"[663, '663.0', '663']"
664,"[664, '664.0', '664']"
665,"[665, '665.0', '665']"
666,"[666, '666.0', '666']"
667,"[667, '667.0', '667']"
668,"[668, '668.0', '668']"
669,"[669, '669.0', '669']"
670,"[670, '670.0', '670']"
671,"[671, '671.0', '671']"
672,"[672, '672.0', '672']"
673,"[673, '673.0', '673']"
674,"[674, '674.0', '674']"
675,"[675, '675.0', '675']"
676,"[676, '676.0', '676']"
677,"[677, '677.0', '677']"
678,"[678, '678.0', '678']"
679,"[679, '679.0', '679']"
680,"[680, '680.0', '680']"
681,"[681, '681.0', '681']"
682,"[682, '682.0', '682']"
683,"[683, '683.0', '683']"
684,"[684, '684.0', '684']"
685,"[685, '685.0', '685']"
686,"[686, '686.0', '686']"
687,"[687, '687.0', '687']"
688,"[688, '688.0', '688']"
689,"[689, '689.0', '689']"
690,"[690, '690.0', '690']"
691,"[691, '691.0', '691']"
692,"[692, '692.0', '692']"
693,"[693, '693.0', '693']"
694,"[694, '694.0', '694']"
695,"[695, '695.0', '695']"
696,"[696, '696.0', '696']"
697,"[697, '697.0', '697']"
698,"[698, '698.0', '698']"
699,"[699, '699.0', '699']"
700,"[700, '700.0', '700']"
701,"[701, '701.0', '701']"
702,"[702, '702.0', '702']"
703,"[703, '703.0', '703']"
704,"[704, '704.0', '704']"
705,"[705, '705.0', '705']"
706,"[706, '706.0', '706']"
707,"[707, '707.0', '707']"
708,"[708, '708.0', '708']"
709,"[709, '709.0', '709']"
710,"[710, '710.0', '710']"
711,"[711, '711.0', '711']"
712,"[712, '712.0', '712']"
713,"[713, '713.0', '713']"
714,"[714, '714.0', '714']"
715,"[715, '715.0', '715']"
716,"[716, '716.0', '716']"
717,"[717, '717.0', '717']"
718,"[718, '718.0', '718']"
719,"[719, '719.0', '719']"
720,"[720, '720.0', '720']"
721,"[721, '721.0', '721']"
722,"[722, '722.0', '722']"
723,"[723, '723.0', '723']"
724,"[724, '724.0', '724']"
725,"[725, '725.0', '725']"
726,"[726, '726.0', '726']"
727,"[727, '727.0', '727']"
728,"[728, '728.0', '728']"
729,"[729, '729.0', '729']"
730,"[730, '730.0', '730']"
731,"[731, '731.0', '731']"
732,"[732, '732.0', '732']"
733,"[733, '733.0', '733']"
734,"[734, '734.0', '734']"
735,"[735, '735.0', '735']"
736,"[736, '736.0', '736']"
737,"[737, '737.0', '737']"
738,"[738, '738.0', '738']"
739,"[739, '739.0', '739']"
740,"[740, '740.0', '740']"
741,"[741, '741.0', '741']"
742,"[742, '742.0', '742']"
743,"[743, '743.0', '743']"
744,"[744, '744.0', '744']"
745,"[745, '745.0', '745']"
746,"[746, '746.0', '746']"
747,"[747, '747.0', '747']"
748,"[748, '748.0', '748']"
749,"[749, '749.0', '749']"
750,"[750, '750.0', '750']"
751,"[751, '751.0', '751']"
752,"[752, '752.0', '752']"
753,"[753, '753.0', '753']"
754,"[754, '754.0', '754']"
755,"[755, '755.0', '755']"
756,"[756, '756.0', '756']"
757,"[757, '757.0', '757']"
758,"[758, '758.0', '758']"
759,"[759, '759.0', '759']"
760,"[760, '760.0', '760']"
761,"[761, '761.0', '761']"
762,"[762, '762.0', '762']"
763,"[763, '763.0', '763']"
764,"[764, '764.0', '764']"
765,"[765, '765.0', '765']"
766,"[766, '766.0', '766']"
767,"[767, '767.0', '767']"
768,"[768, '768.0', '768']"
769,"[769, '769.0', '769']"
770,"[770, '770.0', '770']"
771,"[771, '771.0', '771']"
772,"[772, '772.0', '772']"
773,"[773, '773.0', '773']"
774,"[774, '774.0', '774']"
775,"[775, '775.0', '775']"
776,"[776, '776.0', '776']"
777,"[777, '777.0', '777']"
778,"[778, '778.0', '778']"
779,"[779, '779.0', '779']"
780,"[780, '780.0', '780']"
781,"[781, '781.0', '781']"
782,"[782, '782.0', '782']"
783,"[783, '783.0', '783']"
784,"[784, '784.0', '784']"
785,"[785, '785.0', '785']"
786,"[786, '786.0', '786']"
787,"[787, '787.0', '787']"
788,"[788, '788.0', '788']"
789,"[789, '789.0', '789']"
790,"[790, '790.0', '790']"
791,"[791, '791.0', '791']"
792,"[792, '792.0', '792']"
793,"[793, '793.0', '793']"
794,"[794, '794.0', '794']"
795,"[795, '795.0', '795']"
796,"[796, '796.0', '796']"
797,"[797, '797.0', '797']"
798,"[798, '798.0', '798']"
799,"[799, '799.0', '799']"
800,"[800, '800.0', '800']"
801,"[801, '801.0', '801']"
802,"[802, '802.0', '802']"
803,"[803, '803.0', '803']"
804,"[804, '804.0', '804']"
805,"[805, '805.0', '805']"
806,"[806, '806.0', '806']"
807,"[807, '807.0', '807']"
808,"[808, '808.0', '808']"
809,"[809, '809.0', '809']"
810,"[810, '810.0', '810']"
811,"[811, '811.0', '811']"
812,"[812, '812.0', '812']"
813,"[813, '813.0', '813']"
814,"[814, '814.0', '814']"
815,"[815, '815.0', '815']"
816,"[816, '816.0', '816']"
817,"[817, '817.0', '817']"
818,"[818, '818.0', '818']"
819,"[819, '819.0', '819']"
820,"[820, '820.0', '820']"
821,"[821, '821.0', '821']"
822,"[822, '822.0', '822']"
823,"[823, '823.0', '823']"
824,"[824, '824.0', '824']"
825,"[825, '825.0', '825']"
826,"[826, '826.0', '826']"
827,"[827, '827.0', '827']"
828,"[828, '828.0', '828']"
829,"[829, '829.0', '829']"
830,"[830, '830.0', '830']"
831,"[831, '831.0', '831']"
832,"[832, '832.0', '832']"
833,"[833, '833.0', '833']"
834,"[834, '834.0', '834']"
835,"[835, '835.0', '835']"
836,"[836, '836.0', '836']"
837,"[837, '837.0', '837']"
838,"[838, '838.0', '838']"
839,"[839, '839.0', '839']"
840,"[840, '840.0', '840']"
841,"[841, '841.0', '841']"
842,"[842, '842.0', '842']"
843,"[843, '843.0', '843']"
844,"[844, '844.0', '844']"
845,"[845, '845.0', '845']"
846,"[846, '846.0', '846']"
847,"[847, '847.0', '847']"
848,"[848, '848.0', '848']"
849,"[849, '849.0', '849']"
850,"[850, '850.0', '850']"
851,"[851, '851.0', '851']"
852,"[852, '852.0', '852']"
853,"[853, '853.0', '853']"
854,"[854, '854.0', '854']"
855,"[855, '855.0', '855']"
856,"[856, '856.0', '856']"
857,"[857, '857.0', '857']"
858,"[858, '858.0', '858']"
859,"[859, '859.0', '859']"
860,"[860, '860.0', '860']"
861,"[861, '861.0', '861']"
862,"[862, '862.0', '862']"
863,"[863, '863.0', '863']"
864,"[864, '864.0', '864']"
865,"[865, '865.0', '865']"
866,"[866, '866.0', '866']"
867,"[867, '867.0', '867']"
868,"[868, '868.0', '868']"
869,"[869, '869.0', '869']"
870,"[870, '870.0', '870']"
871,"[871, '871.0', '871']"
872,"[872, '872.0', '872']"
873,"[873, '873.0', '873']"
874,"[874, '874.0', '874']"
875,"[875, '875.0', '875']"
876,"[876, '876.0', '876']"
877,"[877, '877.0', '877']"
878,"[878, '878.0', '878']"
879,"[879, '879.0', '879']"
880,"[880, '880.0', '880']"
881,"[881, '881.0', '881']"
882,"[882, '882.0', '882']"
883,"[883, '883.0', '883']"
884,"[884, '884.0', '884']"
885,"[885, '885.0', '885']"
886,"[886, '886.0', '886']"
887,"[887, '887.0', '887']"
888,"[888, '888.0', '888']"
889,"[889, '889.0', '889']"
890,"[890, '890.0', '890']"
891,"[891, '891.0', '891']"
892,"[892, '892.0', '892']"
893,"[893, '893.0', '893']"
894,"[894, '894.0', '894']"
895,"[895, '895.0', '895']"
896,"[896, '896.0', '896']"
897,"[897, '897.0', '897']"
898,"[898, '898.0', '898']"
899,"[899, '899.0', '899']"
900,"[900, '900.0', '900']"
901,"[901, '901.0', '901']"
902,"[902, '902.0', '902']"
903,"[903, '903.0', '903']"
904,"[904, '904.0', '904']"
905,"[905, '905.0', '905']"
906,"[906, '906.0', '906']"
907,"[907, '907.0', '907']"
908,"[908, '908.0', '908']"
909,"[909, '909.0', '909']"
910,"[910, '910.0', '910']"
911,"[911, '911.0', '911']"
912,"[912, '912.0', '912']"
913,"[913, '913.0', '913']"
914,"[914, '914.0', '914']"
915,"[915, '915.0', '915']"
916,"[916, '916.0', '916']"
917,"[917, '917.0', '917']"
918,"[918, '918.0', '918']"
919,"[919, '919.0', '919']"
920,"[920, '920.0', '920']"
921,"[921, '921.0', '921']"
922,"[922, '922.0', '922']"
923,"[923, '923.0', '923']"
924,"[924, '924.0', '924']"
925,"[925, '925.0', '925']"
926,"[926, '926.0', '926']"
927,"[927, '927.0', '927']"
928,"[928, '928.0', '928']"
929,"[929, '929.0', '929']"
930,"[930, '930.0', '930']"
931,"[931, '931.0', '931']"
932,"[932, '932.0', '932']"
933,"[933, '933.0', '933']"
934,"[934, '934.0', '934']"
935,"[935, '935.0', '935']"
936,"[936, '936.0', '936']"
937,"[937, '937.0', '937']"
938,"[938, '938.0', '938']"
939,"[939, '939.0', '939']"
940,"[940, '940.0', '940']"
941,"[941, '941.0', '941']"
942,"[942, '942.0', '942']"
943,"[943, '943.0', '943']"
944,"[944, '944.0', '944']"
945,"[945, '945.0', '945']"
946,"[946, '946.0', '946']"
947,"[947, '947.0', '947']"
948,"[948, '948.0', '948']"
949,"[949, '949.0', '949']"
950,"[950, '950.0', '950']"
951,"[951, '951.0', '951']"
952,"[952, '952.0', '952']"
953,"[953, '953.0', '953']"
954,"[954, '954.0', '954']"
955,"[955, '955.0', '955']"
956,"[956, '956.0', '956']"
957,"[957, '957.0', '957']"
958,"[958, '958.0', '958']"
959,"[959, '959.0', '959']"
960,"[960, '960.0', '960']"
961,"[961, '961.0', '961']"
962,"[962, '962.0', '962']"
963,"[963, '963.0', '963']"
964,"[964, '964.0', '964']"
965,"[965, '965.0', '965']"
966,"[966, '966.0', '966']"
967,"[967, '967.0', '967']"
968,"[968, '968.0', '968']"
969,"[969, '969.0', '969']"
970,"[970, '970.0', '970']"
971,"[971, '971.0', '971']"
972,"[972, '972.0', '972']"
973,"[973, '973.0', '973']"
974,"[974, '974.0', '974']"
975,"[975, '975.0', '975']"
976,"[976, '976.0', '976']"
977,"[977, '977.0', '977']"
978,"[978, '978.0', '978']"
979,"[979, '979.0', '979']"
980,"[980, '980.0', '980']"
981,"[981, '981.0', '981']"
982,"[982, '982.0', '982']"
983,"[983, '983.0', '983']"
984,"[984, '984.0', '984']"
985,"[985, '985.0', '985']"
986,"[986, '986.0', '986']"
987,"[987, '987.0', '987']"
988,"[988, '988.0', '988']"
989,"[989, '989.0', '989']"
990,"[990, '990.0', '990']"
991,"[991, '991.0', '991']"
992,"[992, '992.0', '992']"
993,"[993, '993.0', '993']"
994,"[994, '994.0', '994']"
995,"[995, '995.0', '995']"
996,"[996, '996.0', '996']"
997,"[997, '997.0', '997']"
998,"[998, '998.0', '998']"
999,"[999, '999.0', '999']"
1000,"[1000, '1000.0', '1000']"
1001,"[1001, '1001.0', '1001']"
1002,"[1002, '1002.0', '1002']"
1003,"[1003, '1003.0', '1003']"
1004,"[1004, '1004.0', '1004']"
1005,"[1005, '1005.0', '1005']"
1006,"[1006, '1006.0', '1006']"
1007,"[1007, '1007.0', '1007']"
1008,"[1008, '1008.0', '1008']"
1009,"[1009, '1009.0', '1009']"
1010,"[1010, '1010.0', '1010']"
1011,"[1011, '1011.0', '1011']"
1012,"[1012, '1012.0', '1012']"
1013,"[1013, '1013.0', '1013']"
1014,"[1014, '1014.0', '1014']"
1015,"[1015, '1015.0', '1015']"
1016,"[1016, '1016.0', '1016']"
1017,"[1017, '1017.0', '1017']"
1018,"[1018, '1018.0', '1018']"
1019,"[1019, '1019.0', '1019']"
1020,"[1020, '1020.0', '1020']"
1021,"[1021, '1021.0', '1021']"
1022,"[1022, '1022.0', '1022']"
1023,"[1023, '1023.0', '1023']"
1024,"[1024, '1024.0', '1024']"
1025,"[1025, '1025.0', '1025']"
1026,"[1026, '1026.0', '1026']"
1027,"[1027, '1027.0', '1027']"
1028,"[1028, '1028.0', '1028']"
1029,"[1029, '1029.0', '1029']"
1030,"[1030, '1030.0', '1030']"
1031,"[1031, '1031.0', '1031']"
1032,"[1032, '1032.0', '1032']"
1033,"[1033, '1033.0', '1033']"
1034,"[1034, '1034.0', '1034']"
1035,"[1035, '1035.0', '1035']"
1036,"[1036, '1036.0', '1036']"
1037,"[1037, '1037.0', '1037']"
1038,"[1038, '1038.0', '1038']"
1039,"[1039, '1039.0', '1039']"
1040,"[1040, '1040.0', '1040']"
1041,"[1041, '1041.0', '1041']"
1042,"[1042, '1042.0', '1042']"
1043,"[1043, '1043.0', '1043']"
1044,"[1044, '1044.0', '1044']"
1045,"[1045, '1045.0', '1045']"
1046,"[1046, '1046.0', '1046']"
1047,"[1047, '1047.0', '1047']"
1048,"[1048, '1048.0', '1048']"
1049,"[1049, '1049.0', '1049']"
1050,"[1050, '1050.0', '1050']"
1051,"[1051, '1051.0', '1051']"
1052,"[1052, '1052.0', '1052']"
1053,"[1053, '1053.0', '1053']"
1054,"[1054, '1054.0', '1054']"
1055,"[1055, '1055.0', '1055']"
1056,"[1056, '1056.0', '1056']"
1057,"[1057, '1057.0', '1057']"
1058,"[1058, '1058.0', '1058']"
1059,"[1059, '1059.0', '1059']"
1060,"[1060, '1060.0', '1060']"
1061,"[1061, '1061.0', '1061']"
1062,"[1062, '1062.0', '1062']"
1063,"[1063, '1063.0', '1063']"
1064,"[1064, '1064.0', '1064']"
1065,"[1065, '1065.0', '1065']"
1066,"[1066, '1066.0', '1066']"
1067,"[1067, '1067.0', '1067']"
1068,"[1068, '1068.0', '1068']"
1069,"[1069, '1069.0', '1069']"
1070,"[1070, '1070.0', '1070']"
1071,"[1071, '1071.0', '1071']"
1072,"[1072, '1072.0', '1072']"
1073,"[1073, '1073.0', '1073']"
1074,"[1074, '1074.0', '1074']"
1075,"[1075, '1075.0', '1075']"
1076,"[1076, '1076.0', '1076']"
1077,"[1077, '1077.0', '1077']"
1078,"[1078, '1078.0', '1078']"
1079,"[1079, '1079.0', '1079']"
1080,"[1080, '1080.0', '1080']"
1081,"[1081, '1081.0', '1081']"
1082,"[1082, '1082.0', '1082']"
1083,"[1083, '1083.0', '1083']"
1084,"[1084, '1084.0', '1084']"
1085,"[1085, '1085.0', '1085']"
1086,"[1086, '1086.0', '1086']"
1087,"[1087, '1087.0', '1087']"
1088,"[1088, '1088.0', '1088']"
1089,"[1089, '1089.0', '1089']"
1090,"[1090, '1090.0', '1090']"
1091,"[1091, '1091.0', '1091']"
1092,"[1092, '1092.0', '1092']"
1093,"[1093, '1093.0', '1093']"
1094,"[1094, '1094.0', '1094']"
1095,"[1095, '1095.0', '1095']"
1096,"[1096, '1096.0', '1096']"
1097,"[1097, '1097.0', '1097']"
1098,"[1098, '1098.0', '1098']"
1099,"[1099, '1099.0', '1099']"
1100,"[1100, '1100.0', '1100']"
1101,"[1101, '1101.0', '1101']"
1102,"[1102, '1102.0', '1102']"
1103,"[1103, '1103.0', '1103']"
1104,"[1104, '1104.0', '1104']"
1105,"[1105, '1105.0', '1105']"
1106,"[1106, '1106.0', '1106']"
1107,"[1107, '1107.0', '1107']"
1108,"[1108, '1108.0', '1108']"
1109,"[1109, '1109.0', '1109']"
1110,"[1110, '1110.0', '1110']"
1111,"[1111, '1111.0', '1111']"
1112,"[1112, '1112.0', '1112']"
1113,"[1113, '1113.0', '1113']"
1114,"[1114, '1114.0', '1114']"
1115,"[1115, '1115.0', '1115']"
1116,"[1116, '1116.0', '1116']"
1117,"[1117, '1117.0', '1117']"
1118,"[1118, '1118.0', '1118']"
1119,"[1119, '1119.0', '1119']"
1120,"[1120, '1120.0', '1120']"
1121,"[1121, '1121.0', '1121']"
1122,"[1122, '1122.0', '1122']"
1123,"[1123, '1123.0', '1123']"
1124,"[1124, '1124.0', '1124']"
1125,"[1125, '1125.0', '1125']"
1126,"[1126, '1126.0', '1126']"
1127,"[1127, '1127.0', '1127']"
1128,"[1128, '1128.0', '1128']"
1129,"[1129, '1129.0', '1129']"
1130,"[1130, '1130.0', '1130']"
1131,"[1131, '1131.0', '1131']"
1132,"[1132, '1132.0', '1132']"
1133,"[1133, '1133.0', '1133']"
1134,"[1134, '1134.0', '1134']"
1135,"[1135, '1135.0', '1135']"
1136,"[1136, '1136.0', '1136']"
1137,"[1137, '1137.0', '1137']"
1138,"[1138, '1138.0', '1138']"
1139,"[1139, '1139.0', '1139']"
1140,"[1140, '1140.0', '1140']"
1141,"[1141, '1141.0', '1141']"
1142,"[1142, '1142.0', '1142']"
1143,"[1143, '1143.0', '1143']"
1144,"[1144, '1144.0', '1144']"
1145,"[1145, '1145.0', '1145']"
1146,"[1146, '1146.0', '1146']"
1147,"[1147, '1147.0', '1147']"
1148,"[1148, '1148.0', '1148']"
1149,"[1149, '1149.0', '1149']"
1150,"[1150, '1150.0', '1150']"
1151,"[1151, '1151.0', '1151']"
1152,"[1152, '1152.0', '1152']"
1153,"[1153, '1153.0', '1153']"
1154,"[1154, '1154.0', '1154']"
1155,"[1155, '1155.0', '1155']"
1156,"[1156, '1156.0', '1156']"
1157,"[1157, '1157.0', '1157']"
1158,"[1158, '1158.0', '1158']"
1159,"[1159, '1159.0', '1159']"
1160,"[1160, '1160.0', '1160']"
1161,"[1161, '1161.0', '1161']"
1162,"[1162, '1162.0', '1162']"
1163,"[1163, '1163.0', '1163']"
1164,"[1164, '1164.0', '1164']"
1165,"[1165, '1165.0', '1165']"
1166,"[1166, '1166.0', '1166']"
1167,"[1167, '1167.0', '1167']"
1168,"[1168, '1168.0', '1168']"
1169,"[1169, '1169.0', '1169']"
1170,"[1170, '1170.0', '1170']"
1171,"[1171, '1171.0', '1171']"
1172,"[1172, '1172.0', '1172']"
1173,"[1173, '1173.0', '1173']"
1174,"[1174, '1174.0', '1174']"
1175,"[1175, '1175.0', '1175']"
1176,"[1176, '1176.0', '1176']"
1177,"[1177, '1177.0', '1177']"
1178,"[1178, '1178.0', '1178']"
1179,"[1179, '1179.0', '1179']"
1180,"[1180, '1180.0', '1180']"
1181,"[1181, '1181.0', '1181']"
1182,"[1182, '1182.0', '1182']"
1183,"[1183, '1183.0', '1183']"
1184,"[1184, '1184.0', '1184']"
1185,"[1185, '1185.0', '1185']"
1186,"[1186, '1186.0', '1186']"
1187,"[1187, '1187.0', '1187']"
1188,"[1188, '1188.0', '1188']"
1189,"[1189, '1189.0', '1189']"
1190,"[1190, '1190.0', '1190']"
1191,"[1191, '1191.0', '1191']"
1192,"[1192, '1192.0', '1192']"
1193,"[1193, '1193.0', '1193']"
1194,"[1194, '1194.0', '1194']"
1195,"[1195, '1195.0', '1195']"
1196,"[1196, '1196.0', '1196']"
1197,"[1197, '1197.0', '1197']"
1198,"[1198, '1198.0', '1198']"
1199,"[1199, '1199.0', '1199']"
1200,"[1200, '1200.0', '1200']"
1201,"[1201, '1201.0', '1201']"
1202,"[1202, '1202.0', '1202']"
1203,"[1203, '1203.0', '1203']"
1204,"[1204, '1204.0', '1204']"
1205,"[1205, '1205.0', '1205']"
1206,"[1206, '1206.0', '1206']"
1207,"[1207, '1207.0', '1207']"
1208,"[1208, '1208.0', '1208']"
1209,"[1209, '1209.0', '1209']"
1210,"[1210, '1210.0', '1210']"
1211,"[1211, '1211.0', '1211']"
1212,"[1212, '1212.0', '1212']"
1213,"[1213, '1213.0', '1213']"
1214,"[1214, '1214.0', '1214']"
1215,"[1215, '1215.0', '1215']"
1216,"[1216, '1216.0', '1216']"
1217,"[1217, '1217.0', '1217']"
1218,"[1218, '1218.0', '1218']"
1219,"[1219, '1219.0', '1219']"
1220,"[1220, '1220.0', '1220']"
1221,"[1221, '1221.0', '1221']"
1222,"[1222, '1222.0', '1222']"
1223,"[1223, '1223.0', '1223']"
1224,"[1224, '1224.0', '1224']"
1225,"[1225, '1225.0', '1225']"
1226,"[1226, '1226.0', '1226']"
1227,"[1227, '1227.0', '1227']"
1228,"[1228, '1228.0', '1228']"
1229,"[1229, '1229.0', '1229']"
1230,"[1230, '1230.0', '1230']"
1231,"[1231, '1231.0', '1231']"
1232,"[1232, '1232.0', '1232']"
1233,"[1233, '1233.0', '1233']"
1234,"[1234, '1234.0', '1234']"
1235,"[1235, '1235.0', '1235']"
1236,"[1236, '1236.0', '1236']"
1237,"[1237, '1237.0', '1237']"
1238,"[1238, '1238.0', '1238']"
1239,"[1239, '1239.0', '1239']"
1240,"[1240, '1240.0', '1240']"
1241,"[1241, '1241.0', '1241']"
1242,"[1242, '1242.0', '1242']"
1243,"[1243, '1243.0', '1243']"
1244,"[1244, '1244.0', '1244']"
1245,"[1245, '1245.0', '1245']"
1246,"[1246, '1246.0', '1246']"
1247,"[1247, '1247.0', '1247']"
1248,"[1248, '1248.0', '1248']"
1249,"[1249, '1249.0', '1249']"
1250,"[1250, '1250.0', '1250']"
1251,"[1251, '1251.0', '1251']"
1252,"[1252, '1252.0', '1252']"
1253,"[1253, '1253.0', '1253']"
1254,"[1254, '1254.0', '1254']"
1255,"[1255, '1255.0', '1255']"
1256,"[1256, '1256.0', '1256']"
1257,"[1257, '1257.0', '1257']"
1258,"[1258, '1258.0', '1258']"
1259,"[1259, '1259.0', '1259']"
1260,"[1260, '1260.0', '1260']"
1261,"[1261, '1261.0', '1261']"
1262,"[1262, '1262.0', '1262']"
1263,"[1263, '1263.0', '1263']"
1264,"[1264, '1264.0', '1264']"
1265,"[1265, '1265.0', '1265']"
1266,"[1266, '1266.0', '1266']"
1267,"[1267, '1267.0', '1267']"
1268,"[1268, '1268.0', '1268']"
1269,"[1269, '1269.0', '1269']"
1270,"[1270, '1270.0', '1270']"
1271,"[1271, '1271.0', '1271']"
1272,"[1272, '1272.0', '1272']"
1273,"[1273, '1273.0', '1273']"
1274,"[1274, '1274.0', '1274']"
1275,"[1275, '1275.0', '1275']"
1276,"[1276, '1276.0', '1276']"
1277,"[1277, '1277.0', '1277']"
1278,"[1278, '1278.0', '1278']"
1279,"[1279, '1279.0', '1279']"
1280,"[1280, '1280.0', '1280']"
1281,"[1281, '1281.0', '1281']"
1282,"[1282, '1282.0', '1282']"
1283,"[1283, '1283.0', '1283']"
1284,"[1284, '1284.0', '1284']"
1285,"[1285, '1285.0', '1285']"
1286,"[1286, '1286.0', '1286']"
1287,"[1287, '1287.0', '1287']"
1288,"[1288, '1288.0', '1288']"
1289,"[1289, '1289.0', '1289']"
1290,"[1290, '1290.0', '1290']"
1291,"[1291, '1291.0', '1291']"
1292,"[1292, '1292.0', '1292']"
1293,"[1293, '1293.0', '1293']"
1294,"[1294, '1294.0', '1294']"
1295,"[1295, '1295.0', '1295']"
1296,"[1296, '1296.0', '1296']"
1297,"[1297, '1297.0', '1297']"
1298,"[1298, '1298.0', '1298']"
1299,"[1299, '1299.0', '1299']"
1300,"[1300, '1300.0', '1300']"
1301,"[1301, '1301.0', '1301']"
1302,"[1302, '1302.0', '1302']"
1303,"[1303, '1303.0', '1303']"
1304,"[1304, '1304.0', '1304']"
1305,"[1305, '1305.0', '1305']"
1306,"[1306, '1306.0', '1306']"
1307,"[1307, '1307.0', '1307']"
1308,"[1308, '1308.0', '1308']"
1309,"[1309, '1309.0', '1309']"
1310,"[1310, '1310.0', '1310']"
1311,"[1311, '1311.0', '1311']"
1312,"[1312, '1312.0', '1312']"
1313,"[1313, '1313.0', '1313']"
1314,"[1314, '1314.0', '1314']"
1315,"[1315, '1315.0', '1315']"
1316,"[1316, '1316.0', '1316']"
1317,"[1317, '1317.0', '1317']"
1318,"[1318, '1318.0', '1318']"
1319,"[1319, '1319.0', '1319']"
1320,"[1320, '1320.0', '1320']"
1321,"[1321, '1321.0', '1321']"
1322,"[1322, '1322.0', '1322']"
1323,"[1323, '1323.0', '1323']"
1324,"[1324, '1324.0', '1324']"
1325,"[1325, '1325.0', '1325']"
1326,"[1326, '1326.0', '1326']"
1327,"[1327, '1327.0', '1327']"
1328,"[1328, '1328.0', '1328']"
1329,"[1329, '1329.0', '1329']"
1330,"[1330, '1330.0', '1330']"
1331,"[1331, '1331.0', '1331']"
1332,"[1332, '1332.0', '1332']"
1333,"[1333, '1333.0', '1333']"
1334,"[1334, '1334.0', '1334']"
1335,"[1335, '1335.0', '1335']"
1336,"[1336, '1336.0', '1336']"
1337,"[1337, '1337.0', '1337']"
1338,"[1338, '1338.0', '1338']"
1339,"[1339, '1339.0', '1339']"
1340,"[1340, '1340.0', '1340']"
1341,"[1341, '1341.0', '1341']"
1342,"[1342, '1342.0', '1342']"
1343,"[1343, '1343.0', '1343']"
1344,"[1344, '1344.0', '1344']"
1345,"[1345, '1345.0', '1345']"
1346,"[1346, '1346.0', '1346']"
1347,"[1347, '1347.0', '1347']"
1348,"[1348, '1348.0', '1348']"
1349,"[1349, '1349.0', '1349']"
1350,"[1350, '1350.0', '1350']"
1351,"[1351, '1351.0', '1351']"
1352,"[1352, '1352.0', '1352']"
1353,"[1353, '1353.0', '1353']"
1354,"[1354, '1354.0', '1354']"
1355,"[1355, '1355.0', '1355']"
1356,"[1356, '1356.0', '1356']"
1357,"[1357, '1357.0', '1357']"
1358,"[1358, '1358.0', '1358']"
1359,"[1359, '1359.0', '1359']"
1360,"[1360, '1360.0', '1360']"
1361,"[1361, '1361.0', '1361']"
1362,"[1362, '1362.0', '1362']"
1363,"[1363, '1363.0', '1363']"
1364,"[1364, '1364.0', '1364']"
1365,"[1365, '1365.0', '1365']"
1366,"[1366, '1366.0', '1366']"
1367,"[1367, '1367.0', '1367']"
1368,"[1368, '1368.0', '1368']"
1369,"[1369, '1369.0', '1369']"
1370,"[1370, '1370.0', '1370']"
1371,"[1371, '1371.0', '1371']"
1372,"[1372, '1372.0', '1372']"
1373,"[1373, '1373.0', '1373']"
1374,"[1374, '1374.0', '1374']"
1375,"[1375, '1375.0', '1375']"
1376,"[1376, '1376.0', '1376']"
1377,"[1377, '1377.0', '1377']"
1378,"[1378, '1378.0', '1378']"
1379,"[1379, '1379.0', '1379']"
1380,"[1380, '1380.0', '1380']"
1381,"[1381, '1381.0', '1381']"
1382,"[1382, '1382.0', '1382']"
1383,"[1383, '1383.0', '1383']"
1384,"[1384, '1384.0', '1384']"
1385,"[1385, '1385.0', '1385']"
1386,"[1386, '1386.0', '1386']"
1387,"[1387, '1387.0', '1387']"
1388,"[1388, '1388.0', '1388']"
1389,"[1389, '1389.0', '1389']"
1390,"[1390, '1390.0', '1390']"
1391,"[1391, '1391.0', '1391']"
1392,"[1392, '1392.0', '1392']"
1393,"[1393, '1393.0', '1393']"
1394,"[1394, '1394.0', '1394']"
1395,"[1395, '1395.0', '1395']"
1396,"[1396, '1396.0', '1396']"
1397,"[1397, '1397.0', '1397']"
1398,"[1398, '1398.0', '1398']"
1399,"[1399, '1399.0', '1399']"
1400,"[1400, '1400.0', '1400']"
1401,"[1401, '1401.0', '1401']"
1402,"[1402, '1402.0', '1402']"
1403,"[1403, '1403.0', '1403']"
1404,"[1404, '1404.0', '1404']"
1405,"[1405, '1405.0', '1405']"
1406,"[1406, '1406.0', '1406']"
1407,"[1407, '1407.0', '1407']"
1408,"[1408, '1408.0', '1408']"
1409,"[1409, '1409.0', '1409']"
1410,"[1410, '1410.0', '1410']"
1411,"[1411, '1411.0', '1411']"
1412,"[1412, '1412.0', '1412']"
1413,"[1413, '1413.0', '1413']"
1414,"[1414, '1414.0', '1414']"
1415,"[1415, '1415.0', '1415']"
1416,"[1416, '1416.0', '1416']"
1417,"[1417, '1417.0', '1417']"
1418,"[1418, '1418.0', '1418']"
1419,"[1419, '1419.0', '1419']"
1420,"[1420, '1420.0', '1420']"
1421,"[1421, '1421.0', '1421']"
1422,"[1422, '1422.0', '1422']"
1423,"[1423, '1423.0', '1423']"
1424,"[1424, '1424.0', '1424']"
1425,"[1425, '1425.0', '1425']"
1426,"[1426, '1426.0', '1426']"
1427,"[1427, '1427.0', '1427']"
1428,"[1428, '1428.0', '1428']"
1429,"[1429, '1429.0', '1429']"
1430,"[1430, '1430.0', '1430']"
1431,"[1431, '1431.0', '1431']"
1432,"[1432, '1432.0', '1432']"
1433,"[1433, '1433.0', '1433']"
1434,"[1434, '1434.0', '1434']"
1435,"[1435, '1435.0', '1435']"
1436,"[1436, '1436.0', '1436']"
1437,"[1437, '1437.0', '1437']"
1438,"[1438, '1438.0', '1438']"
1439,"[1439, '1439.0', '1439']"
1440,"[1440, '1440.0', '1440']"
1441,"[1441, '1441.0', '1441']"
1442,"[1442, '1442.0', '1442']"
1443,"[1443, '1443.0', '1443']"
1444,"[1444, '1444.0', '1444']"
1445,"[1445, '1445.0', '1445']"
1446,"[1446, '1446.0', '1446']"
1447,"[1447, '1447.0', '1447']"
1448,"[1448, '1448.0', '1448']"
1449,"[1449, '1449.0', '1449']"
1450,"[1450, '1450.0', '1450']"
1451,"[1451, '1451.0', '1451']"
1452,"[1452, '1452.0', '1452']"
1453,"[1453, '1453.0', '1453']"
1454,"[1454, '1454.0', '1454']"
1455,"[1455, '1455.0', '1455']"
1456,"[1456, '1456.0', '1456']"
1457,"[1457, '1457.0', '1457']"
1458,"[1458, '1458.0', '1458']"
1459,"[1459, '1459.0', '1459']"
1460,"[1460, '1460.0', '1460']"
1461,"[1461, '1461.0', '1461']"
1462,"[1462, '1462.0', '1462']"
1463,"[1463, '1463.0', '1463']"
1464,"[1464, '1464.0', '1464']"
1465,"[1465, '1465.0', '1465']"
1466,"[1466, '1466.0', '1466']"
1467,"[1467, '1467.0', '1467']"
1468,"[1468, '1468.0', '1468']"
1469,"[1469, '1469.0', '1469']"
1470,"[1470, '1470.0', '1470']"
1471,"[1471, '1471.0', '1471']"
1472,"[1472, '1472.0', '1472']"
1473,"[1473, '1473.0', '1473']"
1474,"[1474, '1474.0', '1474']"
1475,"[1475, '1475.0', '1475']"
1476,"[1476, '1476.0', '1476']"
1477,"[1477, '1477.0', '1477']"
1478,"[1478, '1478.0', '1478']"
1479,"[1479, '1479.0', '1479']"
1480,"[1480, '1480.0', '1480']"
1481,"[1481, '1481.0', '1481']"
1482,"[1482, '1482.0', '1482']"
1483,"[1483, '1483.0', '1483']"
1484,"[1484, '1484.0', '1484']"
1485,"[1485, '1485.0', '1485']"
1486,"[1486, '1486.0', '1486']"
1487,"[1487, '1487.0', '1487']"
1488,"[1488, '1488.0', '1488']"
1489,"[1489, '1489.0', '1489']"
1490,"[1490, '1490.0', '1490']"
1491,"[1491, '1491.0', '1491']"
1492,"[1492, '1492.0', '1492']"
1493,"[1493, '1493.0', '1493']"
1494,"[1494, '1494.0', '1494']"
1495,"[1495, '1495.0', '1495']"
1496,"[1496, '1496.0', '1496']"
1497,"[1497, '1497.0', '1497']"
1498,"[1498, '1498.0', '1498']"
1499,"[1499, '1499.0', '1499']"
1500,"[1500, '1500.0', '1500']"
1501,"[1501, '1501.0', '1501']"
1502,"[1502, '1502.0', '1502']"
1503,"[1503, '1503.0', '1503']"
1504,"[1504, '1504.0', '1504']"
1505,"[1505, '1505.0', '1505']"
1506,"[1506, '1506.0', '1506']"
1507,"[1507, '1507.0', '1507']"
1508,"[1508, '1508.0', '1508']"
1509,"[1509, '1509.0', '1509']"
1510,"[1510, '1510.0', '1510']"
1511,"[1511, '1511.0', '1511']"
1512,"[1512, '1512.0', '1512']"
1513,"[1513, '1513.0', '1513']"
1514,"[1514, '1514.0', '1514']"
1515,"[1515, '1515.0', '1515']"
1516,"[1516, '1516.0', '1516']"
1517,"[1517, '1517.0', '1517']"
1518,"[1518, '1518.0', '1518']"
1519,"[1519, '1519.0', '1519']"
1520,"[1520, '1520.0', '1520']"
1521,"[1521, '1521.0', '1521']"
1522,"[1522, '1522.0', '1522']"
1523,"[1523, '1523.0', '1523']"
1524,"[1524, '1524.0', '1524']"
1525,"[1525, '1525.0', '1525']"
1526,"[1526, '1526.0', '1526']"
1527,"[1527, '1527.0', '1527']"
1528,"[1528, '1528.0', '1528']"
1529,"[1529, '1529.0', '1529']"
1530,"[1530, '1530.0', '1530']"
1531,"[1531, '1531.0', '1531']"
1532,"[1532, '1532.0', '1532']"
1533,"[1533, '1533.0', '1533']"
1534,"[1534, '1534.0', '1534']"
1535,"[1535, '1535.0', '1535']"
1536,"[1536, '1536.0', '1536']"
1537,"[1537, '1537.0', '1537']"
1538,"[1538, '1538.0', '1538']"
1539,"[1539, '1539.0', '1539']"
1540,"[1540, '1540.0', '1540']"
1541,"[1541, '1541.0', '1541']"
1542,"[1542, '1542.0', '1542']"
1543,"[1543, '1543.0', '1543']"
1544,"[1544, '1544.0', '1544']"
1545,"[1545, '1545.0', '1545']"
1546,"[1546, '1546.0', '1546']"
1547,"[1547, '1547.0', '1547']"
1548,"[1548, '1548.0', '1548']"
1549,"[1549, '1549.0', '1549']"
1550,"[1550, '1550.0', '1550']"
1551,"[1551, '1551.0', '1551']"
1552,"[1552, '1552.0', '1552']"
1553,"[1553, '1553.0', '1553']"
1554,"[1554, '1554.0', '1554']"
1555,"[1555, '1555.0', '1555']"
1556,"[1556, '1556.0', '1556']"
1557,"[1557, '1557.0', '1557']"
1558,"[1558, '1558.0', '1558']"
1559,"[1559, '1559.0', '1559']"
1560,"[1560, '1560.0', '1560']"
1561,"[1561, '1561.0', '1561']"
1562,"[1562, '1562.0', '1562']"
1563,"[1563, '1563.0', '1563']"
1564,"[1564, '1564.0', '1564']"
1565,"[1565, '1565.0', '1565']"
1566,"[1566, '1566.0', '1566']"
1567,"[1567, '1567.0', '1567']"
1568,"[1568, '1568.0', '1568']"
1569,"[1569, '1569.0', '1569']"
1570,"[1570, '1570.0', '1570']"
1571,"[1571, '1571.0', '1571']"
1572,"[1572, '1572.0', '1572']"
1573,"[1573, '1573.0', '1573']"
1574,"[1574, '1574.0', '1574']"
1575,"[1575, '1575.0', '1575']"
1576,"[1576, '1576.0', '1576']"
1577,"[1577, '1577.0', '1577']"
1578,"[1578, '1578.0', '1578']"
1579,"[1579, '1579.0', '1579']"
1580,"[1580, '1580.0', '1580']"
1581,"[1581, '1581.0', '1581']"
1582,"[1582, '1582.0', '1582']"
1583,"[1583, '1583.0', '1583']"
1584,"[1584, '1584.0', '1584']"
1585,"[1585, '1585.0', '1585']"
1586,"[1586, '1586.0', '1586']"
1587,"[1587, '1587.0', '1587']"
1588,"[1588, '1588.0', '1588']"
1589,"[1589, '1589.0', '1589']"
1590,"[1590, '1590.0', '1590']"
1591,"[1591, '1591.0', '1591']"
1592,"[1592, '1592.0', '1592']"
1593,"[1593, '1593.0', '1593']"
1594,"[1594, '1594.0', '1594']"
1595,"[1595, '1595.0', '1595']"
1596,"[1596, '1596.0', '1596']"
1597,"[1597, '1597.0', '1597']"
1598,"[1598, '1598.0', '1598']"
1599,"[1599, '1599.0', '1599']"
1600,"[1600, '1600.0', '1600']"
1601,"[1601, '1601.0', '1601']"
1602,"[1602, '1602.0', '1602']"
1603,"[1603, '1603.0', '1603']"
1604,"[1604, '1604.0', '1604']"
1605,"[1605, '1605.0', '1605']"
1606,"[1606, '1606.0', '1606']"
1607,"[1607, '1607.0', '1607']"
1608,"[1608, '1608.0', '1608']"
1609,"[1609, '1609.0', '1609']"
1610,"[1610, '1610.0', '1610']"
1611,"[1611, '1611.0', '1611']"
1612,"[1612, '1612.0', '1612']"
1613,"[1613, '1613.0', '1613']"
1614,"[1614, '1614.0', '1614']"
1615,"[1615, '1615.0', '1615']"
1616,"[1616, '1616.0', '1616']"
1617,"[1617, '1617.0', '1617']"
1618,"[1618, '1618.0', '1618']"
1619,"[1619, '1619.0', '1619']"
1620,"[1620, '1620.0', '1620']"
1621,"[1621, '1621.0', '1621']"
1622,"[1622, '1622.0', '1622']"
1623,"[1623, '1623.0', '1623']"
1624,"[1624, '1624.0', '1624']"
1625,"[1625, '1625.0', '1625']"
1626,"[1626, '1626.0', '1626']"
1627,"[1627, '1627.0', '1627']"
1628,"[1628, '1628.0', '1628']"
1629,"[1629, '1629.0', '1629']"
1630,"[1630, '1630.0', '1630']"
1631,"[1631, '1631.0', '1631']"
1632,"[1632, '1632.0', '1632']"
1633,"[1633, '1633.0', '1633']"
1634,"[1634, '1634.0', '1634']"
1635,"[1635, '1635.0', '1635']"
1636,"[1636, '1636.0', '1636']"
1637,"[1637, '1637.0', '1637']"
1638,"[1638, '1638.0', '1638']"
1639,"[1639, '1639.0', '1639']"
1640,"[1640, '1640.0', '1640']"
1641,"[1641, '1641.0', '1641']"
1642,"[1642, '1642.0', '1642']"
1643,"[1643, '1643.0', '1643']"
1644,"[1644, '1644.0', '1644']"
1645,"[1645, '1645.0', '1645']"
1646,"[1646, '1646.0', '1646']"
1647,"[1647, '1647.0', '1647']"
1648,"[1648, '1648.0', '1648']"
1649,"[1649, '1649.0', '1649']"
1650,"[1650, '1650.0', '1650']"
1651,"[1651, '1651.0', '1651']"
1652,"[1652, '1652.0', '1652']"
1653,"[1653, '1653.0', '1653']"
1654,"[1654, '1654.0', '1654']"
1655,"[1655, '1655.0', '1655']"
1656,"[1656, '1656.0', '1656']"
1657,"[1657, '1657.0', '1657']"
1658,"[1658, '1658.0', '1658']"
1659,"[1659, '1659.0', '1659']"
1660,"[1660, '1660.0', '1660']"
1661,"[1661, '1661.0', '1661']"
1662,"[1662, '1662.0', '1662']"
1663,"[1663, '1663.0', '1663']"
1664,"[1664, '1664.0', '1664']"
1665,"[1665, '1665.0', '1665']"
1666,"[1666, '1666.0', '1666']"
1667,"[1667, '1667.0', '1667']"
1668,"[1668, '1668.0', '1668']"
1669,"[1669, '1669.0', '1669']"
1670,"[1670, '1670.0', '1670']"
1671,"[1671, '1671.0', '1671']"
1672,"[1672, '1672.0', '1672']"
1673,"[1673, '1673.0', '1673']"
1674,"[1674, '1674.0', '1674']"
1675,"[1675, '1675.0', '1675']"
1676,"[1676, '1676.0', '1676']"
1677,"[1677, '1677.0', '1677']"
1678,"[1678, '1678.0', '1678']"
1679,"[1679, '1679.0', '1679']"
1680,"[1680, '1680.0', '1680']"
1681,"[1681, '1681.0', '1681']"
1682,"[1682, '1682.0', '1682']"
1683,"[1683, '1683.0', '1683']"
1684,"[1684, '1684.0', '1684']"
1685,"[1685, '1685.0', '1685']"
1686,"[1686, '1686.0', '1686']"
1687,"[1687, '1687.0', '1687']"
1688,"[1688, '1688.0', '1688']"
1689,"[1689, '1689.0', '1689']"
1690,"[1690, '1690.0', '1690']"
1691,"[1691, '1691.0', '1691']"
1692,"[1692, '1692.0', '1692']"
1693,"[1693, '1693.0', '1693']"
1694,"[1694, '1694.0', '1694']"
1695,"[1695, '1695.0', '1695']"
1696,"[1696, '1696.0', '1696']"
1697,"[1697, '1697.0', '1697']"
1698,"[1698, '1698.0', '1698']"
1699,"[1699, '1699.0', '1699']"
1700,"[1700, '1700.0', '1700']"
1701,"[1701, '1701.0', '1701']"
1702,"[1702, '1702.0', '1702']"
1703,"[1703, '1703.0', '1703']"
1704,"[1704, '1704.0', '1704']"
1705,"[1705, '1705.0', '1705']"
1706,"[1706, '1706.0', '1706']"
1707,"[1707, '1707.0', '1707']"
1708,"[1708, '1708.0', '1708']"
1709,"[1709, '1709.0', '1709']"
1710,"[1710, '1710.0', '1710']"
1711,"[1711, '1711.0', '1711']"
1712,"[1712, '1712.0', '1712']"
1713,"[1713, '1713.0', '1713']"
1714,"[1714, '1714.0', '1714']"
1715,"[1715, '1715.0', '1715']"
1716,"[1716, '1716.0', '1716']"
1717,"[1717, '1717.0', '1717']"
1718,"[1718, '1718.0', '1718']"
1719,"[1719, '1719.0', '1719']"
1720,"[1720, '1720.0', '1720']"
1721,"[1721, '1721.0', '1721']"
1722,"[1722, '1722.0', '1722']"
1723,"[1723, '1723.0', '1723']"
1724,"[1724, '1724.0', '1724']"
1725,"[1725, '1725.0', '1725']"
1726,"[1726, '1726.0', '1726']"
1727,"[1727, '1727.0', '1727']"
1728,"[1728, '1728.0', '1728']"
1729,"[1729, '1729.0', '1729']"
1730,"[1730, '1730.0', '1730']"
1731,"[1731, '1731.0', '1731']"
1732,"[1732, '1732.0', '1732']"
1733,"[1733, '1733.0', '1733']"
1734,"[1734, '1734.0', '1734']"
1735,"[1735, '1735.0', '1735']"
1736,"[1736, '1736.0', '1736']"
1737,"[1737, '1737.0', '1737']"
1738,"[1738, '1738.0', '1738']"
1739,"[1739, '1739.0', '1739']"
1740,"[1740, '1740.0', '1740']"
1741,"[1741, '1741.0', '1741']"
1742,"[1742, '1742.0', '1742']"
1743,"[1743, '1743.0', '1743']"
1744,"[1744, '1744.0', '1744']"
1745,"[1745, '1745.0', '1745']"
1746,"[1746, '1746.0', '1746']"
1747,"[1747, '1747.0', '1747']"
1748,"[1748, '1748.0', '1748']"
1749,"[1749, '1749.0', '1749']"
1750,"[1750, '1750.0', '1750']"
1751,"[1751, '1751.0', '1751']"
1752,"[1752, '1752.0', '1752']"
1753,"[1753, '1753.0', '1753']"
1754,"[1754, '1754.0', '1754']"
1755,"[1755, '1755.0', '1755']"
1756,"[1756, '1756.0', '1756']"
1757,"[1757, '1757.0', '1757']"
1758,"[1758, '1758.0', '1758']"
1759,"[1759, '1759.0', '1759']"
1760,"[1760, '1760.0', '1760']"
1761,"[1761, '1761.0', '1761']"
1762,"[1762, '1762.0', '1762']"
1763,"[1763, '1763.0', '1763']"
1764,"[1764, '1764.0', '1764']"
1765,"[1765, '1765.0', '1765']"
1766,"[1766, '1766.0', '1766']"
1767,"[1767, '1767.0', '1767']"
1768,"[1768, '1768.0', '1768']"
1769,"[1769, '1769.0', '1769']"
1770,"[1770, '1770.0', '1770']"
1771,"[1771, '1771.0', '1771']"
1772,"[1772, '1772.0', '1772']"
1773,"[1773, '1773.0', '1773']"
1774,"[1774, '1774.0', '1774']"
1775,"[1775, '1775.0', '1775']"
1776,"[1776, '1776.0', '1776']"
1777,"[1777, '1777.0', '1777']"
1778,"[1778, '1778.0', '1778']"
1779,"[1779, '1779.0', '1779']"
1780,"[1780, '1780.0', '1780']"
1781,"[1781, '1781.0', '1781']"
1782,"[1782, '1782.0', '1782']"
1783,"[1783, '1783.0', '1783']"
1784,"[1784, '1784.0', '1784']"
1785,"[1785, '1785.0', '1785']"
1786,"[1786, '1786.0', '1786']"
1787,"[1787, '1787.0', '1787']"
1788,"[1788, '1788.0', '1788']"
1789,"[1789, '1789.0', '1789']"
1790,"[1790, '1790.0', '1790']"
1791,"[1791, '1791.0', '1791']"
1792,"[1792, '1792.0', '1792']"
1793,"[1793, '1793.0', '1793']"
1794,"[1794, '1794.0', '1794']"
1795,"[1795, '1795.0', '1795']"
1796,"[1796, '1796.0', '1796']"
1797,"[1797, '1797.0', '1797']"
1798,"[1798, '1798.0', '1798']"
1799,"[1799, '1799.0', '1799']"
1800,"[1800, '1800.0', '1800']"
1801,"[1801, '1801.0', '1801']"
1802,"[1802, '1802.0', '1802']"
1803,"[1803, '1803.0', '1803']"
1804,"[1804, '1804.0', '1804']"
1805,"[1805, '1805.0', '1805']"
1806,"[1806, '1806.0', '1806']"
1807,"[1807, '1807.0', '1807']"
1808,"[1808, '1808.0', '1808']"
1809,"[1809, '1809.0', '1809']"
1810,"[1810, '1810.0', '1810']"
1811,"[1811, '1811.0', '1811']"
1812,"[1812, '1812.0', '1812']"
1813,"[1813, '1813.0', '1813']"
1814,"[1814, '1814.0', '1814']"
1815,"[1815, '1815.0', '1815']"
1816,"[1816, '1816.0', '1816']"
1817,"[1817, '1817.0', '1817']"
1818,"[1818, '1818.0', '1818']"
1819,"[1819, '1819.0', '1819']"
1820,"[1820, '1820.0', '1820']"
1821,"[1821, '1821.0', '1821']"
1822,"[1822, '1822.0', '1822']"
1823,"[1823, '1823.0', '1823']"
1824,"[1824, '1824.0', '1824']"
1825,"[1825, '1825.0', '1825']"
1826,"[1826, '1826.0', '1826']"
1827,"[1827, '1827.0', '1827']"
1828,"[1828, '1828.0', '1828']"
1829,"[1829, '1829.0', '1829']"
1830,"[1830, '1830.0', '1830']"
1831,"[1831, '1831.0', '1831']"
1832,"[1832, '1832.0', '1832']"
1833,"[1833, '1833.0', '1833']"
1834,"[1834, '1834.0', '1834']"
1835,"[1835, '1835.0', '1835']"
1836,"[1836, '1836.0', '1836']"
1837,"[1837, '1837.0', '1837']"
1838,"[1838, '1838.0', '1838']"
1839,"[1839, '1839.0', '1839']"
1840,"[1840, '1840.0', '1840']"
1841,"[1841, '1841.0', '1841']"
1842,"[1842, '1842.0', '1842']"
1843,"[1843, '1843.0', '1843']"
1844,"[1844, '1844.0', '1844']"
1845,"[1845, '1845.0', '1845']"
1846,"[1846, '1846.0', '1846']"
1847,"[1847, '1847.0', '1847']"
1848,"[1848, '1848.0', '1848']"
1849,"[1849, '1849.0', '1849']"
1850,"[1850, '1850.0', '1850']"
1851,"[1851, '1851.0', '1851']"
1852,"[1852, '1852.0', '1852']"
1853,"[1853, '1853.0', '1853']"
1854,"[1854, '1854.0', '1854']"
1855,"[1855, '1855.0', '1855']"
1856,"[1856, '1856.0', '1856']"
1857,"[1857, '1857.0', '1857']"
1858,"[1858, '1858.0', '1858']"
1859,"[1859, '1859.0', '1859']"
1860,"[1860, '1860.0', '1860']"
1861,"[1861, '1861.0', '1861']"
1862,"[1862, '1862.0', '1862']"
1863,"[1863, '1863.0', '1863']"
1864,"[1864, '1864.0', '1864']"
1865,"[1865, '1865.0', '1865']"
1866,"[1866, '1866.0', '1866']"
1867,"[1867, '1867.0', '1867']"
1868,"[1868, '1868.0', '1868']"
1869,"[1869, '1869.0', '1869']"
1870,"[1870, '1870.0', '1870']"
1871,"[1871, '1871.0', '1871']"
1872,"[1872, '1872.0', '1872']"
1873,"[1873, '1873.0', '1873']"
1874,"[1874, '1874.0', '1874']"
1875,"[1875, '1875.0', '1875']"
1876,"[1876, '1876.0', '1876']"
1877,"[1877, '1877.0', '1877']"
1878,"[1878, '1878.0', '1878']"
1879,"[1879, '1879.0', '1879']"
1880,"[1880, '1880.0', '1880']"
1881,"[1881, '1881.0', '1881']"
1882,"[1882, '1882.0', '1882']"
1883,"[1883, '1883.0', '1883']"
1884,"[1884, '1884.0', '1884']"
1885,"[1885, '1885.0', '1885']"
1886,"[1886, '1886.0', '1886']"
1887,"[1887, '1887.0', '1887']"
1888,"[1888, '1888.0', '1888']"
1889,"[1889, '1889.0', '1889']"
1890,"[1890, '1890.0', '1890']"
1891,"[1891, '1891.0', '1891']"
1892,"[1892, '1892.0', '1892']"
1893,"[1893, '1893.0', '1893']"
1894,"[1894, '1894.0', '1894']"
1895,"[1895, '1895.0', '1895']"
1896,"[1896, '1896.0', '1896']"
1897,"[1897, '1897.0', '1897']"
1898,"[1898, '1898.0', '1898']"
1899,"[1899, '1899.0', '1899']"
1900,"[1900, '1900.0', '1900']"
1901,"[1901, '1901.0', '1901']"
1902,"[1902, '1902.0', '1902']"
1903,"[1903, '1903.0', '1903']"
1904,"[1904, '1904.0', '1904']"
1905,"[1905, '1905.0', '1905']"
1906,"[1906, '1906.0', '1906']"
1907,"[1907, '1907.0', '1907']"
1908,"[1908, '1908.0', '1908']"
1909,"[1909, '1909.0', '1909']"
1910,"[1910, '1910.0', '1910']"
1911,"[1911, '1911.0', '1911']"
1912,"[1912, '1912.0', '1912']"
1913,"[1913, '1913.0', '1913']"
1914,"[1914, '1914.0', '1914']"
1915,"[1915, '1915.0', '1915']"
1916,"[1916, '1916.0', '1916']"
1917,"[1917, '1917.0', '1917']"
1918,"[1918, '1918.0', '1918']"
1919,"[1919, '1919.0', '1919']"
1920,"[1920, '1920.0', '1920']"
1921,"[1921, '1921.0', '1921']"
1922,"[1922, '1922.0', '1922']"
1923,"[1923, '1923.0', '1923']"
1924,"[1924, '1924.0', '1924']"
1925,"[1925, '1925.0', '1925']"
1926,"[1926, '1926.0', '1926']"
1927,"[1927, '1927.0', '1927']"
1928,"[1928, '1928.0', '1928']"
1929,"[1929, '1929.0', '1929']"
1930,"[1930, '1930.0', '1930']"
1931,"[1931, '1931.0', '1931']"
1932,"[1932, '1932.0', '1932']"
1933,"[1933, '1933.0', '1933']"
1934,"[1934, '1934.0', '1934']"
1935,"[1935, '1935.0', '1935']"
1936,"[1936, '1936.0', '1936']"
1937,"[1937, '1937.0', '1937']"
1938,"[1938, '1938.0', '1938']"
1939,"[1939, '1939.0', '1939']"
1940,"[1940, '1940.0', '1940']"
1941,"[1941, '1941.0', '1941']"
1942,"[1942, '1942.0', '1942']"
1943,"[1943, '1943.0', '1943']"
1944,"[1944, '1944.0', '1944']"
1945,"[1945, '1945.0', '1945']"
1946,"[1946, '1946.0', '1946']"
1947,"[1947, '1947.0', '1947']"
1948,"[1948, '1948.0', '1948']"
1949,"[1949, '1949.0', '1949']"
1950,"[1950, '1950.0', '1950']"
1951,"[1951, '1951.0', '1951']"
1952,"[1952, '1952.0', '1952']"
1953,"[1953, '1953.0', '1953']"
1954,"[1954, '1954.0', '1954']"
1955,"[1955, '1955.0', '1955']"
1956,"[1956, '1956.0', '1956']"
1957,"[1957, '1957.0', '1957']"
1958,"[1958, '1958.0', '1958']"
1959,"[1959, '1959.0', '1959']"
1960,"[1960, '1960.0', '1960']"
1961,"[1961, '1961.0', '1961']"
1962,"[1962, '1962.0', '1962']"
1963,"[1963, '1963.0', '1963']"
1964,"[1964, '1964.0', '1964']"
1965,"[1965, '1965.0', '1965']"
1966,"[1966, '1966.0', '1966']"
1967,"[1967, '1967.0', '1967']"
1968,"[1968, '1968.0', '1968']"
1969,"[1969, '1969.0', '1969']"
1970,"[1970, '1970.0', '1970']"
1971,"[1971, '1971.0', '1971']"
1972,"[1972, '1972.0', '1972']"
1973,"[1973, '1973.0', '1973']"
1974,"[1974, '1974.0', '1974']"
1975,"[1975, '1975.0', '1975']"
1976,"[1976, '1976.0', '1976']"
1977,"[1977, '1977.0', '1977']"
1978,"[1978, '1978.0', '1978']"
1979,"[1979, '1979.0', '1979']"
1980,"[1980, '1980.0', '1980']"
1981,"[1981, '1981.0', '1981']"
1982,"[1982, '1982.0', '1982']"
1983,"[1983, '1983.0', '1983']"
1984,"[1984, '1984.0', '1984']"
1985,"[1985, '1985.0', '1985']"
1986,"[1986, '1986.0', '1986']"
1987,"[1987, '1987.0', '1987']"
1988,"[1988, '1988.0', '1988']"
1989,"[1989, '1989.0', '1989']"
1990,"[1990, '1990.0', '1990']"
1991,"[1991, '1991.0', '1991']"
1992,"[1992, '1992.0', '1992']"
1993,"[1993, '1993.0', '1993']"
1994,"[1994, '1994.0', '1994']"
1995,"[1995, '1995.0', '1995']"
1996,"[1996, '1996.0', '1996']"
1997,"[1997, '1997.0', '1997']"
1998,"[1998, '1998.0', '1998']"
1999,"[1999, '1999.0', '1999']"
